board,time
6x6_1,0.8537812232971191
6x6_2,4.553400993347168
6x6_3,17.296091079711914
