board,time
6x6_1,0.6768515110015869
6x6_2,3.31990385055542
6x6_3,15.275647163391113
