board,time
6x6_1,0.21851587295532227
6x6_2,0.5248913764953613
6x6_3,38.248725175857544
